name,gramsPerCup
Agave syrup,336.0
Almond Flour,96.0
Almond (ground),110.0
Ground Almonds,110.0
Almond meal,84.0
Almond paste (packed),259.0
Almonds (sliced),86.0
Almonds (slivered),101.5
Flaked Almonds,101.5
"Almonds, whole (unblanched)",142.0
Amaranth flour,103.0
Apple juice concentrate,280.0
"Apples (dried, diced)",85.0
"Apples (peeled, sliced)",113.0
Applesauce,255.0
"Apricots (dried, diced)",128.0
Artisan Bread Topping,172.0
Baker's Cinnamon Filling,152.0
Baker's Fruit Blend,128.0
Baker's Special Sugar,190.0
Superfine Sugar,190.0
Caster Sugar,190.0
Castor Sugar,190.0
Baking powder,192.0
Baking soda,288.0
Bicarbonate of Soda,288.0
Sodium Bicarbonate,288.0
Baking Sugar Alternative,170.0
Bananas (mashed),236.0
Barley (cooked),215.0
Barley (pearled),213.0
Barley flakes,92.0
Barley flour,85.0
Barley malt syrup,336.0
Malt Extract,336.0
Basil pesto,224.0
Bell peppers (fresh),142.0
Bell Pepper,142.0
Green Pepper,142.0
Berries (frozen),142.0
Better Cheddar Cheese Powder,114.0
Blueberries (dried),156.0
Blueberries (fresh or frozen),140.0
Blueberry juice,241.0
Boiled cider,340.0
Bran cereal,60.0
Bread crumbs (dried),112.0
Bread crumbs (fresh),84.0
Bread crumbs (Japanese Panko),50.0
Bread Flour,120.0
Artisan Bread Flour,120.0
All-Purpose Flour,120.0
All Purpose Flour,120.0
Plain Flour,120.0
AP Flour,120.0
French-Style Flour,120.0
Brown rice (cooked),170.0
Brown rice flour,128.0
Brown sugar,213.0
Light Brown Sugar,213.0
Dark Brown Sugar,213.0
Demarara Sugar,213.0
Buckwheat (whole),170.0
Buckwheat Flour,120.0
Bulgur,152.0
Butter,226.0
Buttermilk,236.0
Buttermilk powder,144.0
Cacao nibs,120.0
Cacao,120.0
Cake Enhancer,112.0
Candied peel,170.0
Crystallised fruit,170.0
Caramel,284.0
Caramel bits,156.0
Chopped Caramel,156.0
Chopped Toffee,156.0
Caraway seeds,144.0
Carrot Puree,256.0
Mashed Carrot,256.0
Carrot Mash,256.0
Carrots (mashed),256.0
Carrots (diced),142.0
Carrots (grated),99.0
Cashews (chopped),113.0
Cashews (whole),113.0
Celery (diced),142.0
Celery,142.0
Celery (chopped),142.0
Chopped Celery,142.0
Cheese (Feta),114.0
Feta,114.0
Cheese (grated),113.0
Cheddar (grated),113.0
mozzarella (grated),113.0
Swiss Cheese (grated),113.0
Grated Cheese,113.0
grated Parmesan,100.0
Parmesan (grated),100.0
Cheese (Ricotta),227.0
Ricotta,227.0
Cherries (candied),200.0
Cherries (dried),142.0
"Cherries (fresh, pitted, chopped)",160.0
Chopped Cherries,160.0
Cherries (chopped),160.0
Cherries (frozen),113.0
Cherry Concentrate,336.0
Chickpea flour,85.0
Chives (fresh),42.0
Fresh chives,42.0
Chocolate Chips,170.0
Chocolate Chunks,170.0
Chocolate (chopped),170.0
Cinnamon Sweet Bits,140.0
Cinnamon-Sugar,200.0
Cocoa (unsweetened),120.0
Cocoa,120.0
Cocoa Powder,120.0
"Coconut (sweetened, shredded)",85.0
Shredded Coconut,85.0
Coconut (shredded),85.0
Coconut (toasted),85.0
"Coconut (unsweetened, desiccated)",85.0
Desiccated coconut,85.0
"Coconut (unsweetened, large flakes)",60.0
"Coconut (unsweetened, shredded)",53.0
Coconut cream (unsweetened),284.0
Coconut Flour,128.0
"Coconut milk; canned, well shaken",241.0
Coconut milk (evaporated),242.0
Coconut Milk Powder,114.0
Coconut oil,226.0
Coconut sugar,154.0
Confectioners' sugar (unsifted),132.2
Confectioners sugar,132.2
Icing Sugar,132.2
Cookie crumbs,85.0
Biscuit Crumbs,85.0
Corn,152.0
Frozen Corn,152.0
Corn (frozen),152.0
Fresh Corn,152.0
Corn (Fresh),152.0
Maize,152.0
Fresh Maize,152.0
Corn (popped),5.25
Popcorn,5.25
Corn syrup,312.0
Cornmeal (whole),138.0
"Cornmeal (yellow, Quaker)",156.0
Cornstarch,112.0
Cornflour,112.0
Corn Starch,112.0
Cracked wheat,149.0
Cranberries (dried),114.0
Cranberries (fresh or frozen),99.0
Cream,232.0
Heavy Cream,232.0
Half and Half,232.0
Double Cream,232.0
Single Cream,239.1
Light Cream,239.1
Cream cheese,227.0
Cream of coconut,284.0
Creme fraiche,248.0
Sour Cream,248.0
Crystallized ginger,184.0
Currants,142.0
Dates (chopped),149.0
Demerara sugar,220.0
Dried Blueberry Powder,112.0
Dried milk,112.0
Baker's Special Dry Milk,112.0
Powdered Milk,112.0
Dried nonfat milk,112.0
Milk Powder,112.0
Dried potato flakes,86.0
instant mashed potatoes,86.0
smash,86.0
Dried whole milk,100.0
Powdered Whole Milk,100.0
Durum Flour,124.0
Easy Roll Dough Improver,144.0
Egg (fresh),50.0
Fresh Eggs,50.0
Egg white (fresh),35.0
Egg whites (dried),88.0
Egg yolk (fresh),14.0
Egg Yolk,14.0
Espresso Powder,112.0
Everything Bagel Topping,140.0
"Figs (dried, chopped)",149.0
Chopped Figs (dried),149.0
First Clear Flour,106.0
Fish Sauce,269.0
Flax meal,100.0
Flaxseed,140.0
Formaggio Italiano Cheese and Herb Blend,120.0
Fruitcake Fruit Blend,120.0
Garlic Cloves,113.0
Garlic (whole),113.0
Whole Garlic,113.0
Garlic (minced),224.0
Garlic (peeled and sliced),149.0
Garlic (sliced),149.0
Sliced Garlic,149.0
Ghee,176.0
"Ginger (fresh, sliced)",228.0
Ginger (sliced),228.0
Sliced Ginger,228.0
Gluten-Free '00' Pizza Flour,100.0
Gluten-Free All-Purpose Baking Mix,120.0
Gluten-Free All-Purpose Flour,156.0
Gluten-Free Bread Flour,120.0
Gluten-Free Measure for Measure Flour,120.0
Gluten-Free sourdough starter,230.0
Glutinous rice flour,120.0
Graham cracker crumbs,100.0
Granola,113.0
Grape Nuts,114.0
Harvest Grains Blend,148.0
Hazelnut flour,89.0
Hazelnut Praline Paste,312.0
Hazelnut spread,320.0
Hazelnuts (whole),142.0
Hi-Maize Natural Fiber,128.0
High-Gluten Flour,120.0
Honey,336.0
Instant ClearJel,176.0
Irish-Style Flour,110.0
Italian-Style Flour,106.0
Jam,313.0
Chutney,313.0
Marmalade,313.0
Jammy Bits,184.0
Keto Wheat Flour,120.0
Keto Wheat Pizza Crust Mix,110.0
Key Lime Juice,236.0
Lard,226.0
Leeks (diced),92.0
Diced Leeks,92.0
Lemon Crumbles,180.0
Lemon juice,224.0
Lemon Juice Powder,144.0
Lime Juice Powder,144.0
Macadamia nuts (whole),149.0
Malt syrup,344.0
Malted Milk Powder,140.0
Malted Wheat Flakes,128.0
Maple sugar,156.0
Maple syrup,312.0
"Marshmallow spread, homemade",72.0
"Marshmallow spread, store-bought",123.0
Marshmallow Fluff,128.0
Marshmallows (mini),43.0
Mini Marshmallows,43.0
Marzipan,290.0
Masa Harina,93.0
Mascarpone cheese,220.0
Mascarpone,220.0
Mashed potatoes,213.0
Potatoes (mashed),213.0
Mashed sweet potatoes,240.0
Mayonnaise,226.0
Medium Rye Flour,158.1
Rye Flour,158.1
Meringue powder,172.0
Milk (evaporated),226.0
Evaporated Milk,226.0
Milk (fresh),236.0
Milk,236.0
Fresh Milk,236.0
Whole Milk,236.0
Skimmed Milk,236.0
Millet (whole),206.0
Mini chocolate chips,177.0
Molasses,340.0
Treacle,340.0
Black Treacle,340.0
Golden Syrup,340.0
Mushrooms (sliced),78.0
Sliced Mushrooms,78.0
Non-Diastatic Malt Powder,144.0
Malt Powder,144.0
Dried Malt Extract,144.0
DME,144.0
Nutella,297.4
Oat bran,106.0
Oat flour,92.0
Oats,97.0
Oats (Quick Cooking),97.0
Oats (instant),97.0
Rolled Oats,97.0
Oats (prepared),147.0
Oatmeal (cooked),147.0
Porridge,147.0
Olive oil,216.0
Olives (sliced),142.0
"Onions (fresh, diced)",142.0
Minced Onion,142.0
Onions (minced),142.0
Paleo Baking Flour,104.0
Palm shortening,180.0
Passion fruit puree,180.0
Pasta Flour Blend,145.0
Pastry Flour,106.0
Pastry Flour Blend,113.0
Peaches (peeled and diced),170.0
Diced Peaches,170.0
Peaches (diced),170.0
Peanut butter,270.0
"Peanuts (whole, shelled)",142.0
Whole Peanuts,142.0
Shelled Peanuts,142.0
Peanuts (whole),142.0
Raw Nuts,142.0
Pears (peeled and diced),163.0
Diced Pears,163.0
Pears (diced),163.0
Pecan Meal,80.0
Pecans (diced),114.0
Pie Filling Enhancer,184.0
Pine nuts,142.0
"Pineapple (crushed, drained)",256.0
Crushed Pineapple,256.0
Pineapple (drained),256.0
Drained Pineapple,256.0
Pineapple (crushed),256.0
Pineapple (dried),142.0
Pineapple (diced),170.0
Diced Pineapple,170.0
Pistachio nuts (shelled),120.0
Pistachio Paste,312.0
Pizza Dough Flavor,96.0
Pizza Flour Blend,124.0
Pizza sauce,228.0
Pizza Seasoning,80.0
Polenta (coarse ground cornmeal),163.0
Poppy seeds,144.0
Potato Flour,184.0
Potato starch,152.0
Pumpernickel Flour,106.0
Pumpkin puree,236.0
Quinoa (cooked),184.0
Quinoa (whole),177.0
Quinoa flour,110.0
Raisins (loose),149.0
Raisins,149.0
Sultanas,149.0
Sultanas (loose),149.0
Raisins (packed),170.0
Dried Fruit,170.0
Raspberries (fresh),120.0
Rhubarb (sliced),120.0
Sliced Rhubarb,120.0
"Rice (long grain, dry)",198.0
Rice (dry),198.0
Dried Rice,198.0
Rice (dried),198.0
Rice (uncooked),198.0
Uncooked Rice,198.0
Raw rice,198.0
Rice (raw),198.0
Rice flour (white),142.0
Rice Flour,142.0
Rice Krispies,28.0
Puffed Rice,28.0
Rye Bread Improver,112.0
Rye Chops,120.0
Rye flakes,124.0
Rye Flour Blend,106.0
"Salt (Kosher, Diamond Crystal)",128.0
Diamond Crystal Salt,128.0
Salt (Diamond Crystal),128.0
Diamond Crystal Kosher Salt,128.0
"Salt (Kosher, Morton's)",256.0
Salt (Morton's),256.0
Morton's Salt,256.0
Morton's Kosher Salt,256.0
Salt (table),288.0
Table Salt,288.0
Salt,288.0
Scallions (sliced),64.0
Sliced Scallions,64.0
Green Onions (sliced),64.0
Spring Onions (sliced),64.0
Sliced Green Onions,64.0
Sliced Spring Onions,64.0
Self-Rising Flour,113.0
Self-Raising Flour,113.0
Flour (self-rising),113.0
Flour (self-raising),113.0
Semolina Flour,163.0
Sesame seeds,142.0
Shallots (peeled and sliced),156.0
Shallots (sliced),156.0
Sliced Shallots,156.0
Six-Grain Blend,128.0
Snow White Non-Melting Topping Sugar,114.0
Snow White Sugar,114.0
Sorghum flour,138.0
Sourdough starter,236.0
Soy flour,140.0
Soy Sauce,272.0
Sparkling Sugar,228.0
Spelt Flour,99.0
Sprouted Wheat Flour,113.0
Steel cut oats,140.0
Sticky Bun Sugar,99.0
Strawberries (fresh sliced),167.0
Sliced Strawberries,167.0
Strawberries (sliced),167.0
Sugar (granulated white),198.0
Granulated Sugar,198.0
White Sugar,198.0
Sugar (granulated),198.0
Sugar (white),198.0
Sugar substitute (Splenda),25.0
Sundried tomatoes,170.0
Sunflower seeds,140.0
Super 10 Blend,106.0
Swedish Pearl Sugar,196.0
Sweet Ground Chocolate and Cocoa Blend,112.0
Sweetened condensed coconut milk,288.0
Sweetened condensed milk,312.0
Condensed Milk,312.0
Tahini paste,256.0
Tahini,256.0
Tapioca starch,113.0
Tapioca Flour,113.0
Tapioca (quick cooking),168.0
Quick Cooking Tapioca,168.0
Teff flour,135.0
The Works Bread Topping,140.0
Toasted Almond Flour,96.0
Almond Flour (toasted),96.0
Toffee chunks,156.0
Tomato paste,232.0
Tomato Puree,232.0
Canned Tomatoes,242.0
Tomatoes (Canned),242.0
Tropical Fruit Blend,128.0
Turbinado sugar (raw),180.0
Turbinado sugar,180.0
Unbleached Cake Flour,120.0
Extract,224.0
Vegetable oil,216.0
Vegetable shortening,184.0
Vital Wheat Gluten,144.0
Walnuts (chopped),113.0
Chopped Walnuts,113.0
Chopped Nuts,113.0
Chopped Almonds,113.0
Chopped Hazelnuts,113.0
Walnuts (whole),128.0
Whole Walnuts,128.0
Water,236.59
Wheat berries (red),184.0
Wheat bran,64.0
Wheat germ,112.0
White Chocolate Chips,170.0
White Rye Flour,106.0
Rye Flour (white),106.0
White Whole Wheat Flour,113.0
Whole Wheat Flour (white),113.0
Whole Wheat Flour (Premium 100%),113.0
Whole Wheat Flour,113.0
Wholemeal Flour,113.0
Whole Grain Flour Blend,113.0
Whole Wheat Pastry Flour,96.0
Graham Flour,96.0
Yeast (instant),144.0
Instant Yeast,144.0
Dried Yeast,144.0
Yeast (dried),144.0
Yogurt,236.0
Natural Yoghurt,236.0
Unflavored Yoghurt,236.0
Yuletide Cheer Fruit Blend,130.0
Zucchini (shredded),121.0
Courgette (shredded),121.0
Courgette (grated),121.0
"Milk, human",246.0
"Milk, NFS",244.0
"Milk, whole",244.0
"Milk, reduced fat (2%)",244.0
"Milk, low fat (1%)",244.0
"Milk, fat free (skim)",244.0
"Milk, lactose free, low fat (1%)",244.0
"Milk, lactose free, fat free (skim)",244.0
"Milk, lactose free, reduced fat (2%)",244.0
"Milk, lactose free, whole",244.0
"Buttermilk, fat free (skim)",244.0
"Buttermilk, whole",244.0
"Kefir, NS as to fat content",244.0
"Goat's milk, whole",244.0
"Milk, dry, reconstituted, NS as to fat content",244.0
"Milk, dry, reconstituted, whole",244.0
"Milk, dry, reconstituted, low fat (1%)",244.0
"Milk, dry, reconstituted, fat free (skim)",244.0
"Milk, evaporated, NS as to fat content",252.0
"Milk, evaporated, whole",252.0
"Milk, evaporated, reduced fat (2%)",252.0
"Milk, evaporated, fat free (skim)",252.0
"Milk, condensed, sweetened",304.0
"Non-dairy milk, NFS",244.0
Soy milk,244.0
"Soy milk, light",244.0
"Soy milk, nonfat",244.0
"Soy milk, chocolate",244.0
"Soy milk, light, chocolate",244.0
"Almond milk, sweetened",244.0
"Almond milk, sweetened, chocolate",244.0
"Almond milk, unsweetened",244.0
"Almond milk, unsweetened, chocolate",244.0
Rice milk,244.0
Coconut milk,244.0
"Yogurt, NFS",245.0
"Yogurt, Greek, NS as to type of milk or flavor",245.0
"Yogurt, NS as to type of milk or flavor",245.0
"Yogurt, NS as to type of milk, plain",245.0
"Yogurt, whole milk, plain",245.0
"Yogurt, low fat milk, plain",245.0
"Yogurt, nonfat milk, plain",245.0
"Yogurt, Greek, NS as to type of milk, plain",245.0
"Yogurt, Greek, whole milk, plain",245.0
"Yogurt, Greek, low fat milk, plain",245.0
"Yogurt, Greek, nonfat milk, plain",245.0
"Yogurt, NS as to type of milk, fruit",245.0
"Yogurt, whole milk, fruit",245.0
"Yogurt, low fat milk, fruit",245.0
"Yogurt, nonfat milk, fruit",245.0
"Yogurt, Greek, NS as to type of milk, fruit",245.0
"Yogurt, Greek, whole milk, fruit",245.0
"Yogurt, Greek, low fat milk, fruit",245.0
"Yogurt, Greek, nonfat milk, fruit",245.0
"Yogurt, NS as to type of milk, flavors other than fruit",245.0
"Yogurt, whole milk, flavors other than fruit",245.0
"Yogurt, low fat milk, flavors other than fruit",245.0
"Yogurt, nonfat milk, flavors other than fruit",245.0
"Yogurt, Greek, NS as to type of milk, flavors other than fruit",245.0
"Yogurt, Greek, whole milk, flavors other than fruit",245.0
"Yogurt, Greek, low fat milk, flavors other than fruit",245.0
"Yogurt, Greek, nonfat milk, flavors other than fruit",245.0
"Yogurt, Greek, with oats",245.0
"Yogurt, liquid",245.0
"Frozen yogurt, NFS",175.0
"Frozen yogurt, vanilla",175.0
"Frozen yogurt, chocolate",175.0
"Frozen yogurt, soft serve, vanilla",175.0
"Frozen yogurt, soft serve, chocolate",175.0
"Chocolate milk, NFS",248.0
"Chocolate milk, ready to drink, whole",248.0
"Chocolate milk, ready to drink, reduced fat",248.0
"Chocolate milk, ready to drink, fat free",248.0
"Chocolate milk, ready to drink, low fat",248.0
"Chocolate milk, ready to drink, reduced sugar, NS as to milk",248.0
"Chocolate milk, ready to drink, low fat (Nesquik)",248.0
"Chocolate milk, ready to drink, low fat, no sugar added (Nesquik)",248.0
"Hot chocolate / Cocoa, ready to drink",248.0
"Hot chocolate / Cocoa, ready to drink, made with nonfat milk",248.0
"Hot chocolate / Cocoa, ready to drink, made with non-dairy milk",248.0
"Hot chocolate / Cocoa, ready to drink, with whipped cream",248.0
"Chocolate milk, made from dry mix with whole milk",248.0
"Chocolate milk, made from dry mix with reduced fat milk",248.0
"Chocolate milk, made from dry mix with fat free milk",248.0
"Chocolate milk, made from dry mix with non-dairy milk",248.0
"Chocolate milk, made from dry mix, NS as to type of milk (Nesquik)",248.0
"Chocolate milk, made from dry mix with whole milk (Nesquik)",248.0
"Chocolate milk, made from dry mix with reduced fat milk (Nesquik)",248.0
"Chocolate milk, made from dry mix with low fat milk (Nesquik)",248.0
"Chocolate milk, made from dry mix with fat free milk (Nesquik)",248.0
"Chocolate milk, made from dry mix with non-dairy milk (Nesquik)",248.0
"Chocolate milk, made from no sugar added dry mix with reduced fat milk (Nesquik)",248.0
"Chocolate milk, made from no sugar added dry mix with non-dairy milk (Nesquik)",248.0
"Chocolate milk, made from syrup, NS as to type of milk",248.0
"Chocolate milk, made from syrup with whole milk",248.0
"Chocolate milk, made from syrup with reduced fat milk",248.0
"Chocolate milk, made from syrup with low fat milk",248.0
"Chocolate milk, made from syrup with fat free milk",248.0
"Chocolate milk, made from syrup with non-dairy milk",248.0
"Chocolate milk, made from light syrup with whole milk",248.0
"Chocolate milk, made from light syrup with reduced fat milk",248.0
"Chocolate milk, made from light syrup with low fat milk",248.0
"Chocolate milk, made from light syrup with fat free milk",248.0
"Chocolate milk, made from sugar free syrup with whole milk",248.0
"Hot chocolate / Cocoa, made with dry mix and water",248.0
"Hot chocolate / Cocoa, made with dry mix and whole milk",248.0
"Hot chocolate / Cocoa, made with dry mix and reduced fat milk",248.0
"Hot chocolate / Cocoa, made with dry mix and low fat milk",248.0
"Hot chocolate / Cocoa, made with dry mix and fat free milk",248.0
"Hot chocolate / Cocoa, made with dry mix and non-dairy milk",248.0
"Hot chocolate / Cocoa, made with no sugar added dry mix and water",248.0
"Hot chocolate / Cocoa, made with no sugar added dry mix and whole milk",248.0
"Hot chocolate / Cocoa, made with no sugar added dry mix and reduced fat milk",248.0
"Hot chocolate / Cocoa, made with no sugar added dry mix and low fat milk",248.0
"Hot chocolate / Cocoa, made with no sugar added dry mix and fat free milk",248.0
"Hot chocolate / Cocoa, made with no sugar added dry mix and non-dairy milk",248.0
"Strawberry milk, NFS",248.0
"Strawberry milk, whole",248.0
"Strawberry milk, reduced fat",248.0
"Strawberry milk, low fat",248.0
"Strawberry milk, fat free",248.0
"Strawberry milk, reduced sugar",248.0
"Strawberry milk, non-dairy",248.0
"Milk, malted",256.0
Eggnog,256.0
"Milk shake, home recipe, chocolate",224.0
"Milk shake, home recipe, flavors other than chocolate",224.0
"Milk shake, home recipe, chocolate, light",224.0
"Milk shake, home recipe, flavors other than chocolate, light",224.0
"Milk shake, fast food, chocolate",224.0
"Milk shake, fast food, flavors other than chocolate",224.0
"Milk shake, bottled, chocolate",248.0
"Milk shake, bottled, flavors other than chocolate",248.0
Licuado or Batido,216.0
"Fruit smoothie, NFS",216.0
"Fruit smoothie, with whole fruit and dairy",216.0
"Fruit smoothie, with whole fruit and dairy, added protein",216.0
"Fruit smoothie juice drink, with dairy",216.0
Chocolate milk drink,248.0
"Milk, dry, not reconstituted, NS as to fat content",128.0
"Milk, dry, not reconstituted, fat free (skim)",68.0
"Cream, NS as to light, heavy, or half and half",240.0
"Cream, light",240.0
"Cream, half and half",240.0
"Cream, half and half, flavored",240.0
"Cream, half and half, fat free",240.0
"Cream, heavy",240.0
"Cream, whipped",40.0
"Coffee creamer, NFS",240.0
"Coffee creamer, liquid",240.0
"Coffee creamer, liquid, flavored",240.0
"Coffee creamer, liquid, fat free",240.0
"Coffee creamer, liquid, fat free, flavored",240.0
"Coffee creamer, liquid, fat free, sugar free, flavored",240.0
"Coffee creamer, liquid, sugar free, flavored",240.0
"Coffee creamer, powder",94.0
"Coffee creamer, powder, flavored",94.0
"Coffee creamer, powder, fat free",94.0
"Coffee creamer,powder, fat free, flavored",94.0
"Coffee creamer,powder, sugar free, flavored",94.0
"Coffee creamer, soy, liquid",240.0
Whipped topping,75.0
"Whipped topping, fat free",75.0
"Whipped topping, sugar free",75.0
"Sour cream, regular",240.0
"Sour cream, light",240.0
"Sour cream, fat free",240.0
"Sour cream, imitation",240.0
"Ice cream, NFS",135.0
"Ice cream, vanilla",135.0
"Ice cream, vanilla, with additional ingredients",140.0
"Ice cream, chocolate",135.0
"Ice cream, chocolate, with additional ingredients",140.0
"Ice cream, soft serve, vanilla",175.0
"Ice cream, soft serve, chocolate",175.0
"Gelato, vanilla",175.0
"Gelato, chocolate",175.0
"Ice cream bar, vanilla",133.0
"Ice cream soda, flavors other than chocolate",192.0
"Ice cream soda, chocolate",192.0
"Ice cream sundae, NFS",140.0
"Ice cream sundae, fruit topping",140.0
"Ice cream sundae, hot fudge topping",140.0
"Ice cream sundae, caramel topping",140.0
"Ice cream, fried",135.0
"Light ice cream, NFS",135.0
"Light ice cream, vanilla",135.0
"Light ice cream, chocolate",135.0
"Soft serve, blended with candy or cookies, from fast food",215.0
"Sherbet, all flavors",175.0
"Pudding, chocolate, NFS",260.0
"Pudding, bread",200.0
"Pudding, flavors other than chocolate, NFS",260.0
Custard,260.0
Flan,260.0
Creme brulee,260.0
"Pudding, rice",260.0
"Firni, Indian pudding",260.0
"Pudding, tapioca, made from dry mix",260.0
"Pudding, flavors other than chocolate, made from dry mix",260.0
"Pudding, chocolate, made from dry mix",260.0
"Pudding, flavors other than chocolate, made from dry mix, sugar free",260.0
"Pudding, chocolate, made from dry mix, sugar free",260.0
"Pudding, flavors other than chocolate, ready-to-eat",260.0
"Pudding, flavors other than chocolate, ready-to-eat, sugar free",260.0
"Pudding, chocolate, ready-to-eat",260.0
"Pudding, chocolate, ready-to-eat, sugar free",260.0
"Pudding, tapioca, ready-to-eat",260.0
Banana pudding,190.0
Mousse,170.0
Dulce de leche,300.0
Trifle,145.0
Tiramisu,145.0
White sauce or gravy,240.0
"Cheese, NFS",113.0
"Cheese, Blue or Roquefort",135.0
"Cheese, Brick",113.0
"Cheese, Camembert",246.0
"Cheese, Brie",144.0
"Cheese, Cheddar",113.0
"Cheese, Cheddar, reduced fat",113.0
"Cheese, Cheddar, nonfat or fat free",113.0
"Cheese, Colby",113.0
"Cheese, Colby Jack",113.0
"Cheese, Feta",150.0
"Cheese, Fontina",108.0
"Cheese, goat",140.0
"Cheese, Gouda or Edam",132.0
"Cheese, Gruyere",108.0
"Cheese, Limburger",134.0
"Cheese, Monterey",113.0
"Cheese, Monterey, reduced fat",113.0
"Cheese, Mozzarella, NFS",113.0
"Cheese, Mozzarella, part skim",132.0
"Cheese, Mozzarella, reduced sodium",132.0
"Cheese, Mozzarella, nonfat or fat free",113.0
"Cheese, Muenster",113.0
"Cheese, Muenster, reduced fat",113.0
"Cheese, Parmesan, dry grated",100.0
"Cheese, Parmesan, dry grated, reduced fat",106.0
"Cheese, Parmesan, dry grated, fat free",120.0
"Cheese, Port du Salut",132.0
"Cheese, Provolone",132.0
"Cheese, provolone, reduced fat",132.0
"Cheese, Swiss",108.0
"Cheese, Swiss, reduced sodium",132.0
"Cheese, Swiss, reduced fat",132.0
"Cheese, Swiss, nonfat or fat free",132.0
"Cheese, Cheddar, reduced sodium",113.0
"Cheese, paneer",246.0
"Cheese, Mexican blend",113.0
"Cheese, Mexican blend, reduced fat",113.0
"Queso Anejo, aged Mexican cheese",132.0
Queso Asadero,132.0
Queso Fresco,135.0
Queso cotija,100.0
"Cheese, cottage, NFS",210.0
"Cheese, cottage, creamed, large or small curd",210.0
"Cottage cheese, farmer's",210.0
"Cheese, Ricotta",246.0
"Cheese, cottage, with fruit",226.0
"Cheese, cottage, with vegetables",226.0
"Cheese, cottage, dry curd",145.0
"Cheese, cottage, salted, dry curd",145.0
Puerto Rican white cheese,128.0
"Cheese, cottage, low fat",226.0
"Cheese, cottage, lowfat, with fruit",226.0
"Cheese, cottage, lowfat, low sodium",226.0
"Cheese, cottage, lowfat, lactose reduced",227.0
"Cream cheese, regular, plain",240.0
"Cream cheese, regular, flavored",240.0
"Cream cheese, light",240.0
"Cheese, American",113.0
"Cheese, American, reduced fat",113.0
"Cheese, American, nonfat or fat free",113.0
"Cheese, American, reduced sodium",140.0
"Cheese spread, American or Cheddar cheese base, reduced fat",140.0
"Cream cheese spread, fat free",240.0
"Cheese, processed, with vegetables",244.0
"Cheese,  with wine",113.0
"Cheese spread, American or Cheddar cheese base",244.0
"Cheese spread, Swiss cheese base",244.0
"Cheese spread, cream cheese, regular",240.0
"Cheese spread, cream cheese, light",240.0
"Cheese spread, pressurized can",225.0
Imitation cheese,113.0
"Cheese, cottage cheese, with gelatin dessert",240.0
"Cheese, cottage cheese, with gelatin dessert and fruit",240.0
"Cheese, cottage cheese, with gelatin dessert and vegetables",240.0
Topping from cheese pizza,215.0
Topping from vegetable pizza,168.0
Topping from meat pizza,168.0
Topping from meat and vegetable pizza,168.0
Cheese souffle,95.0
Alfredo sauce,260.0
Alfredo sauce with added vegetables,260.0
Alfredo sauce with meat,260.0
Alfredo sauce with meat and added vegetables,260.0
Alfredo sauce with poultry,260.0
Alfredo sauce with poultry and added vegetables,260.0
Alfredo sauce with seafood,260.0
Alfredo sauce with seafood and added vegetables,260.0
"Mozzarella sticks, breaded, baked, or fried",115.0
"Mozzarella cheese, tomato, and basil, with oil and vinegar dressing",160.0
"Cheddar cheese soup, home recipe, canned or ready-to-serve",251.0
"Meat, NFS",135.0
"Meat, ground, NFS",125.0
"Beef, NFS",135.0
"Steak, NS as to type of meat, NS as to fat eaten",135.0
"Beef, steak, NFS",135.0
"Beef, steak, chuck",135.0
"Beef, steak, cube",135.0
"Beef, steak, flank",135.0
"Beef, steak, ribeye, NS as to fat eaten",135.0
"Beef, steak, ribeye, lean and fat eaten",135.0
"Beef, steak, ribeye, lean only eaten",135.0
"Beef, steak, round",135.0
"Beef, steak, sirloin, NS as to fat eaten",135.0
"Beef, steak, sirloin, lean and fat eaten",135.0
"Beef, steak, sirloin, lean only eaten",135.0
"Beef, steak, strip, NS as to fat eaten",135.0
"Beef, steak, strip, lean and fat eaten",135.0
"Beef, steak, strip, lean only eaten",135.0
"Beef, steak, T-bone, NS as to fat eaten",135.0
"Beef, steak, T-bone,  lean and fat eaten",135.0
"Beef, steak, T-bone, lean only eaten",135.0
"Beef, steak, tenderloin",135.0
"Beef, steak, country fried",135.0
"Beef, oxtails",135.0
"Beef, neck bones",55.0
"Beef, shortribs",135.0
"Beef, cow head",135.0
"Beef, roast",135.0
"Beef, pot roast",135.0
"Beef, stew meat",135.0
"Beef, corned",135.0
"Beef, brisket",135.0
"Beef, sandwich steak",110.0
"Beef, ground, raw",225.0
"Beef, ground",125.0
"Beef, ground, patty",125.0
"Beef, bacon, cooked",84.0
"Beef, bacon, reduced sodium, cooked",84.0
"Beef, dried, chipped, uncooked",121.0
"Beef, dried, chipped, cooked in fat",128.0
Beef jerky,90.0
"Pork, NFS",135.0
"Pork, ground",125.0
"Pork, carnitas",135.0
Pork jerky,126.0
"Pork, chop, NS as to fat eaten",135.0
"Pork, chop, lean and fat eaten",135.0
"Pork, chop, lean only eaten",135.0
"Pork, chop, coated, NS as to fat eaten",135.0
"Pork, chop, coated, lean and fat eaten",135.0
"Pork, chop, coated, lean only eaten",135.0
"Pork, chop, stuffed",135.0
"Pork, steak, NS as to fat eaten",135.0
"Pork, steak, lean and fat eaten",135.0
"Pork, steak, lean only eaten",135.0
"Pork, steak, coated",135.0
"Pork, tenderloin",135.0
Ham,135.0
"Ham, prosciutto",56.0
"Ham, canned",135.0
"Ham, ground",125.0
"Pork, roast",135.0
"Bacon, NS as to type of meat, cooked",80.0
"Bacon, NS as to type of meat, reduced sodium, cooked",80.0
"Pork bacon, NS as to fresh, smoked or cured, cooked",80.0
"Pork bacon, NS as to fresh, smoked or cured, reduced sodium, cooked",80.0
"Pork bacon, smoked or cured, cooked",80.0
"Pork bacon, smoked or cured, reduced sodium, cooked",80.0
"Fat back, cooked",128.0
"Ribs, NFS",135.0
"Pork, ribs",135.0
"Pork, cracklings",90.0
"Pork, bones",55.0
"Pork, pig's feet",80.0
"Pork, ham hocks",140.0
"Pork, belly",135.0
Pork skin rinds,30.0
"Lamb, NS as to cut",135.0
"Lamb, chop",135.0
"Lamb, ground",125.0
Goat,135.0
"Veal, chop",135.0
"Veal, ground",125.0
Rabbit,135.0
"Venison, NFS",135.0
"Venison, steak",135.0
Venison/deer jerky,140.0
Venison sausage,135.0
Moose,135.0
Bear,135.0
Caribou,135.0
Bison,135.0
Groundhog,135.0
Opossum,135.0
Squirrel,135.0
Beaver,135.0
Raccoon,135.0
Armadillo,135.0
Wild pig,135.0
Ostrich,135.0
"Chicken, NS as to part and cooking method, NS as to skin eaten",135.0
"Chicken, NS as to part and cooking method, skin eaten",135.0
"Chicken, NS as to part and cooking method, skin not eaten",135.0
"Chicken, NS as to part, baked, broiled, or roasted, NS as to skin eaten",135.0
"Chicken, NS as to part, baked, broiled, or roasted, skin eaten",135.0
"Chicken, NS as to part, baked, broiled, or roasted, skin not eaten",135.0
"Chicken, NS as to part, rotisserie, NS as to skin eaten",135.0
"Chicken, NS as to part, rotisserie, skin eaten",135.0
"Chicken, NS as to part, rotisserie, skin not eaten",135.0
"Chicken, NS as to part, stewed, NS as to skin eaten",135.0
"Chicken, NS as to part, stewed, skin eaten",135.0
"Chicken, NS as to part, stewed, skin not eaten",135.0
"Chicken, NS as to part, grilled without sauce, NS as to skin eaten",135.0
"Chicken, NS as to part, grilled without sauce, skin eaten",135.0
"Chicken, NS as to part, grilled without sauce, skin not eaten",135.0
"Chicken, NS as to part, grilled with sauce, NS as to skin eaten",165.0
"Chicken, NS as to part, grilled with sauce, skin eaten",165.0
"Chicken, NS as to part, grilled with sauce, skin not eaten",165.0
"Chicken, NS as to part, sauteed, skin eaten",135.0
"Chicken, NS as to part, sauteed, skin not eaten",135.0
"Chicken, NS as to part, fried, coated, skin / coating eaten",135.0
"Chicken, NS as to part, fried, coated, skin / coating not eaten",135.0
"Chicken, NS as to part, baked, coated, skin / coating eaten",135.0
"Chicken, NS as to part, baked, coated, skin / coating not eaten",135.0
"Chicken breast, NS as to cooking method, skin eaten",135.0
"Chicken breast, NS as to cooking method, skin not eaten",135.0
"Chicken breast, baked, broiled, or roasted, skin eaten, from raw",135.0
"Chicken breast, baked, broiled, or roasted, skin not eaten, from raw",135.0
"Chicken breast, baked or broiled, skin eaten, from pre-cooked",135.0
"Chicken breast, baked or broiled, skin not eaten, from pre-cooked",135.0
"Chicken breast, baked or broiled, skin eaten, from fast food / restaurant",135.0
"Chicken breast, baked or broiled, skin not eaten, from fast food / restaurant",135.0
"Chicken breast, baked, broiled, or roasted with marinade, skin eaten, from raw",135.0
"Chicken breast, baked, broiled, or roasted with marinade, skin not eaten, from raw",135.0
"Chicken breast, rotisserie, skin eaten",135.0
"Chicken breast, rotisserie, skin not eaten",135.0
"Chicken breast, stewed, skin eaten",135.0
"Chicken breast, stewed, skin not eaten",135.0
"Chicken breast, grilled without sauce, skin eaten",135.0
"Chicken breast, grilled without sauce, skin not eaten",135.0
"Chicken breast, grilled with sauce, skin eaten",165.0
"Chicken breast, grilled with sauce, skin not eaten",165.0
"Chicken breast, sauteed, skin eaten",135.0
"Chicken breast, sauteed, skin not eaten",135.0
"Chicken breast, fried, coated, skin / coating eaten, from raw",135.0
"Chicken breast, fried, coated, skin / coating not eaten, from raw",135.0
"Chicken breast, fried, coated, prepared skinless, coating eaten, from raw",135.0
"Chicken breast, fried, coated, skin / coating eaten, from pre-cooked",135.0
"Chicken breast, fried, coated, skin / coating not eaten, from pre-cooked",135.0
"Chicken breast, fried, coated, skin / coating eaten, from fast food / restaurant",135.0
"Chicken breast, fried, coated, skin / coating not eaten, from fast food / restaurant",135.0
"Chicken breast, baked, coated, skin / coating eaten",135.0
"Chicken breast, baked, coated, skin / coating not eaten",135.0
"Chicken leg, drumstick and thigh, NS as to cooking method, skin eaten",135.0
"Chicken leg, drumstick and thigh, NS as to cooking method, skin not eaten",135.0
"Chicken leg, drumstick and thigh, baked or broiled, skin eaten",135.0
"Chicken leg, drumstick and thigh, baked or broiled, skin not eaten",135.0
"Chicken leg, drumstick and thigh, rotisserie, skin eaten",135.0
"Chicken leg, drumstick and thigh, rotisserie, skin not eaten",135.0
"Chicken leg, drumstick and thigh, stewed, skin eaten",135.0
"Chicken leg, drumstick and thigh, stewed, skin not eaten",135.0
"Chicken leg, drumstick and thigh, grilled without sauce, skin eaten",135.0
"Chicken leg, drumstick and thigh, grilled without sauce, skin not eaten",135.0
"Chicken leg, drumstick and thigh, grilled with sauce, skin eaten",165.0
"Chicken leg, drumstick and thigh, grilled with sauce, skin not eaten",165.0
"Chicken leg, drumstick and thigh, sauteed, skin eaten",135.0
"Chicken leg, drumstick and thigh, sauteed, skin not eaten",135.0
"Chicken leg, drumstick and thigh, fried, coated, skin / coating eaten",135.0
"Chicken leg, drumstick and thigh, fried, coated, skin / coating not eaten",135.0
"Chicken leg, drumstick and thigh, baked, coated, skin / coating eaten",135.0
"Chicken leg, drumstick and thigh, baked, coated, skin / coating not eaten",135.0
"Chicken drumstick, NS as to cooking method, skin eaten",135.0
"Chicken drumstick, NS as to cooking method, skin not eaten",135.0
"Chicken drumstick, baked, broiled, or roasted, skin eaten, from raw",135.0
"Chicken drumstick, baked, broiled, or roasted, skin not eaten, from raw",135.0
"Chicken drumstick, baked or broiled, skin eaten, from pre-cooked",135.0
"Chicken drumstick, baked or broiled, skin not eaten, from pre-cooked",135.0
"Chicken drumstick, baked or broiled, skin eaten, from fast food / restaurant",135.0
"Chicken drumstick, baked or broiled, skin not eaten, from fast food / restaurant",135.0
"Chicken drumstick, rotisserie, skin eaten",135.0
"Chicken drumstick, rotisserie, skin not eaten",135.0
"Chicken drumstick, grilled without sauce, skin eaten",135.0
"Chicken drumstick, grilled without sauce, skin not eaten",135.0
"Chicken drumstick, grilled with sauce, skin eaten",165.0
"Chicken drumstick, grilled with sauce, skin not eaten",165.0
"Chicken drumstick, stewed, skin eaten",135.0
"Chicken drumstick, stewed, skin not eaten",135.0
"Chicken drumstick, sauteed, skin eaten",135.0
"Chicken drumstick, sauteed, skin not eaten",135.0
"Chicken drumstick, fried, coated, skin / coating eaten, from raw",135.0
"Chicken drumstick, fried, coated, skin / coating not eaten, from raw",135.0
"Chicken drumstick, fried, coated, prepared skinless, coating eaten, from raw",135.0
"Chicken drumstick, fried, coated, skin / coating eaten, from pre-cooked",135.0
"Chicken drumstick, fried, coated, skin / coating not eaten, from pre-cooked",135.0
"Chicken drumstick, fried, coated, skin / coating eaten, from fast food / restaurant",135.0
"Chicken drumstick, fried, coated, skin / coating not eaten, from fast food / restaurant",135.0
"Chicken drumstick, baked, coated, skin / coating eaten",135.0
"Chicken drumstick, baked, coated, skin / coating not eaten",135.0
"Chicken thigh, NS as to cooking method, skin eaten",135.0
"Chicken thigh, NS as to cooking method, skin not eaten",135.0
"Chicken thigh, baked, broiled, or roasted, skin eaten, from raw",135.0
"Chicken thigh, baked, broiled, or roasted, skin not eaten, from raw",135.0
"Chicken thigh, baked or broiled, skin eaten, from pre-cooked",135.0
"Chicken thigh, baked or broiled, skin not eaten, from pre-cooked",135.0
"Chicken thigh, baked or broiled, skin eaten, from fast food / restaurant",135.0
"Chicken thigh, baked or broiled, skin not eaten, from fast food / restaurant",135.0
"Chicken thigh, rotisserie, skin eaten",135.0
"Chicken thigh, rotisserie, skin not eaten",135.0
"Chicken thigh, stewed, skin eaten",135.0
"Chicken thigh, stewed, skin not eaten",135.0
"Chicken thigh, grilled without sauce, skin eaten",135.0
"Chicken thigh, grilled without sauce, skin not eaten",135.0
"Chicken thigh, grilled with sauce, skin eaten",165.0
"Chicken thigh, grilled with sauce, skin not eaten",165.0
"Chicken thigh, sauteed, skin eaten",135.0
"Chicken thigh, sauteed, skin not eaten",135.0
"Chicken thigh, fried, coated, skin / coating eaten, from raw",135.0
"Chicken thigh, fried, coated, skin / coating not eaten, from raw",135.0
"Chicken thigh, fried, coated, prepared skinless, coating eaten, from raw",135.0
"Chicken thigh, fried, coated, skin / coating eaten, from pre-cooked",135.0
"Chicken thigh, fried, coated, skin / coating not eaten, from pre-cooked",135.0
"Chicken thigh, fried, coated, skin / coating eaten, from fast food",135.0
"Chicken thigh, fried, coated, skin / coating not eaten, from fast food",135.0
"Chicken thigh, fried, coated, skin / coating eaten, from restaurant",135.0
"Chicken thigh, fried, coated, skin / coating not eaten, from restaurant",135.0
"Chicken thigh, baked, coated, skin / coating eaten",135.0
"Chicken thigh, baked, coated, skin / coating not eaten",135.0
"Chicken, canned, meat only",205.0
"Chicken, chicken roll, roasted",135.0
"Chicken, ground",130.0
"Chicken nuggets, NFS",140.0
"Chicken nuggets, from fast food",140.0
"Chicken nuggets, from restaurant",140.0
"Chicken nuggets, from school lunch",140.0
"Chicken nuggets, from frozen",140.0
"Chicken nuggets, from other sources",140.0
"Chicken tenders or strips, NFS",140.0
"Chicken tenders or strips, breaded, from fast food",140.0
"Chicken tenders or strips, breaded, from restaurant",140.0
"Chicken tenders or strips, breaded, from school lunch",140.0
"Chicken tenders or strips, breaded, from frozen",140.0
"Chicken tenders or strips, breaded, from other sources",140.0
"Turkey, NFS",135.0
"Turkey, light meat, skin not eaten",135.0
"Turkey, light meat, skin eaten",135.0
"Turkey, light meat, breaded, baked or fried, skin not eaten",135.0
"Turkey, light meat, breaded, baked or fried, skin eaten",135.0
"Turkey, light meat, roasted, skin not eaten",135.0
"Turkey, light meat, roasted, skin eaten",135.0
"Turkey, dark meat, roasted, skin not eaten",135.0
"Turkey, dark meat, roasted, skin eaten",135.0
"Turkey, light and dark meat, roasted, skin not eaten",135.0
"Turkey, light and dark meat, roasted, skin eaten",135.0
"Turkey, light or dark meat, fried, coated, skin not eaten",135.0
"Turkey, light or dark meat, fried, coated, skin eaten",135.0
"Turkey, light or dark meat, stewed, skin not eaten",135.0
"Turkey light or dark meat, stewed, skin eaten",135.0
"Turkey, light or dark meat, smoked, skin eaten",135.0
"Turkey, light or dark meat, smoked, skin not eaten",135.0
"Turkey, drumstick, cooked, skin not eaten",135.0
"Turkey, drumstick, cooked, skin eaten",135.0
"Turkey, drumstick, roasted, skin not eaten",135.0
"Turkey, drumstick, roasted, skin eaten",135.0
"Turkey, drumstick, smoked, skin eaten",135.0
"Turkey, thigh, cooked, skin eaten",135.0
"Turkey, thigh, cooked, skin not eaten",135.0
"Turkey, neck",135.0
"Turkey, wing, cooked, skin not eaten",135.0
"Turkey, wing, cooked, skin eaten",135.0
"Turkey, wing, smoked, skin eaten",135.0
"Turkey, canned",135.0
"Turkey, ground",130.0
"Turkey, nuggets",140.0
"Turkey bacon, cooked",82.0
"Turkey bacon, reduced sodium, cooked",82.0
"Duck, cooked, skin eaten",140.0
"Duck, cooked, skin not eaten",140.0
"Duck, roasted, skin eaten",140.0
"Duck, roasted, skin not eaten",140.0
"Duck, pressed, Chinese",140.0
"Goose, wild, roasted",140.0
"Cornish game hen, cooked, skin eaten",140.0
"Cornish game hen, cooked, skin not eaten",140.0
"Cornish game hen, roasted, skin eaten",140.0
"Cornish game hen, roasted, skin not eaten",140.0
"Dove, cooked, NS as to cooking method",140.0
"Dove, fried",140.0
"Quail, cooked",135.0
"Pheasant, cooked",135.0
"Liver, beef",125.0
"Liver, chicken",140.0
"Liver, paste or pate",210.0
Heart,145.0
Kidney,140.0
